{
	"format_version": "1.8.0",
	"animations": {
		"block": {
			"animation_length": 1,
			"bones": {
				"torso": {
					"rotation": {
						"0.0": [0, 0, 0],
						"0.125": [-20, 0, 0],
						"0.875": [-20, 0, 0],
						"1.0": [0, 0, 0]
					},
					"position": {
						"0.0": [0, 0, 0],
						"0.125": [0, 0, 4],
						"0.875": [0, 0, 4],
						"1.0": [0, 0, 0]
					}
				},
				"head": {
					"rotation": {
						"0.0": [0, 0, 0],
						"0.125": [12.5, 0, 0],
						"0.875": [12.5, 0, 0],
						"1.0": [0, 0, 0]
					},
					"position": {
						"0.0": [0, 0, 0],
						"0.125": [0, 0, 3],
						"0.875": [0, 0, 3],
						"1.0": [0, 0, 0]
					}
				},
				"right_arm": {
					"rotation": {
						"0.0": [0, 0, 0],
						"0.125": [-125.92803, -81.0834, -29.35695],
						"0.875": [-125.92803, -81.0834, -29.35695],
						"1.0": [0, 0, 0]
					},
					"position": {
						"0.0": [0, 0, 0],
						"0.125": [0, -4, -3],
						"0.875": [0, -4, -3],
						"1.0": [0, 0, 0]
					}
				},
				"left_arm": {
					"rotation": {
						"0.0": [0, 0, 0],
						"0.125": [-125.92803, 81.0834, 29.35695],
						"0.875": [-125.92803, 81.0834, 29.35695],
						"1.0": [0, 0, 0]
					},
					"position": {
						"0.0": [0, 0, 0],
						"0.125": [0, -4, -3],
						"0.875": [0, -4, -3],
						"1.0": [0, 0, 0]
					}
				},
				"right_leg": {
					"rotation": {
						"0.0": [0, 0, 0],
						"0.125": [-7.5, 27.5, 0],
						"0.875": [-7.5, 27.5, 0],
						"1.0": [0, 0, 0]
					}
				},
				"left_leg": {
					"rotation": {
						"0.0": [0, 0, 0],
						"0.125": [0, -27.5, 0],
						"0.875": [0, -27.5, 0],
						"1.0": [0, 0, 0]
					}
				}
			}
		}
	}
}