{
	"format_version": "1.8.0",
	"animations": {
		"fury": {
			"animation_length": 0.75,
			"bones": {
				"head": {
					"rotation": {
						"0.0": [0, 0, 0],
						"0.125": [-70, 0, 0],
						"0.2083": [-68.11977, -23.39896, -9.06159],
						"0.2917": [-66.0432, 32.61461, 13.46783],
						"0.375": [-70, 0, 0],
						"0.4583": [-68.11977, -23.39896, -9.06159],
						"0.5417": [-66.0432, 32.61461, 13.46783],
						"0.75": [0, 0, 0]
					}
				},
				"right_arm": {
					"rotation": {
						"0.0": [0, 0, 0],
						"0.125": [-183.83424, -3.21154, -39.89247],
						"0.2083": [-184.95744, -0.65182, -7.47178],
						"0.2917": [-183.04868, -3.9649, -52.39445],
						"0.375": [-183.83424, -3.21154, -39.89247],
						"0.4583": [-184.95744, -0.65182, -7.47178],
						"0.5417": [-183.04868, -3.9649, -52.39445],
						"0.75": [0, 0, 0]
					}
				},
				"left_arm": {
					"rotation": {
						"0.0": [0, 0, 0],
						"0.125": [-180, 0, 30],
						"0.2083": [-180, 0, 0],
						"0.2917": [-180, 0, 52.5],
						"0.375": [-180, 0, 30],
						"0.4583": [-180, 0, 0],
						"0.5417": [-180, 0, 52.5],
						"0.75": [0, 0, 0]
					}
				}
			}
		}
	}
}