{
	"format_version": "1.8.0",
	"animations": {
		"stomp": {
			"animation_length": 0.3333,
			"bones": {
				"body": {
					"position": {
						"0.0": [0, 0, 0],
						"0.0833": [0, 0, 4],
						"0.1667": [0, 0, 4],
						"0.3333": [0, -3, -8]
					}
				},
				"torso": {
					"rotation": {
						"0.0": [0, 0, 0],
						"0.0833": [-22.5, 0, 0],
						"0.1667": [-22.5, 0, 0],
						"0.3333": [40, 0, 0]
					}
				},
				"right_arm": {
					"rotation": {
						"0.0": [0, 0, 0],
						"0.0833": [-203.70348, -14.36495, -29.47028],
						"0.1667": [-203.70348, -14.36495, -29.47028],
						"0.3333": [0, 0, -17.5]
					}
				},
				"left_arm": {
					"rotation": {
						"0.0": [0, 0, 0],
						"0.0833": [-192.02501, 12.80911, 46.1453],
						"0.1667": [-192.02501, 12.80911, 46.1453],
						"0.3333": [0, 0, 22.5]
					}
				},
				"right_leg": {
					"rotation": {
						"0.0": [0, 0, 0],
						"0.0833": [0, 0, 0],
						"0.1667": [0, 0, 0],
						"0.3333": [0, 0, 0]
					},
					"position": {
						"0.0": [0, 0, 0],
						"0.0833": [0, 5, -7],
						"0.1667": [0, 5, -7],
						"0.3333": [0, 3, 8]
					}
				},
				"left_leg": {
					"position": {
						"0.0": [0, 0, 0],
						"0.0833": [0, 0, -4],
						"0.1667": [0, 0, -4],
						"0.3333": [0, 3, 8]
					}
				}
			}
		}
	}
}