{
	"format_version": "1.8.0",
	"animations": {
		"taunt": {
			"animation_length": 1,
			"bones": {
				"head": {
					"rotation": {
						"0.0": [0, 0, 0],
						"0.25": [-27.5, 0, -20],
						"0.5": [-24.96263, -18.6416, 21.5234],
						"0.75": [-27.5, 0, -20],
						"1.0": [-24.96263, -18.6416, 21.5234]
					}
				},
				"right_arm": {
					"rotation": {
						"0.0": [0, 0, 0],
						"0.125": [-31.13608, 63.95318, 54.66071],
						"0.25": [-56.80919, -46.64075, -26.85911],
						"0.375": [-31.13608, 63.95318, 54.66071],
						"0.5": [-56.80919, -46.64075, -26.85911],
						"0.625": [-31.13608, 63.95318, 54.66071],
						"0.75": [-56.80919, -46.64075, -26.85911],
						"0.875": [-31.13608, 63.95318, 54.66071],
						"1.0": [-56.80919, -46.64075, -26.85911]
					},
					"position": {
						"0.0": [0, 0, 0],
						"0.125": [-2, -2, 0],
						"0.25": [-3, -2, -3],
						"0.375": [-2, -2, 0],
						"0.5": [-3, -2, -3],
						"0.625": [-2, -2, 0],
						"0.75": [-3, -2, -3],
						"0.875": [-2, -2, 0],
						"1.0": [-3, -2, -3]
					}
				},
				"left_arm": {
					"rotation": {
						"0.0": [0, 0, 0],
						"0.125": [-67.35287, 63.19404, 20.42481],
						"0.25": [-26.30249, 78.83105, 63.25979],
						"0.375": [-67.35287, 63.19404, 20.42481],
						"0.5": [-26.30249, 78.83105, 63.25979],
						"0.625": [-67.35287, 63.19404, 20.42481],
						"0.75": [-26.30249, 78.83105, 63.25979],
						"0.875": [-67.35287, 63.19404, 20.42481],
						"1.0": [-26.30249, 78.83105, 63.25979]
					},
					"position": {
						"0.0": [0, 0, 0],
						"0.125": [0, -2, -3],
						"0.375": [0, -2, -3],
						"0.625": [0, -2, -3],
						"0.875": [0, -2, -3]
					}
				},
				"right_leg": {
					"rotation": {
						"0.0": [0, 0, 0],
						"0.125": [-5, 57.5, 0]
					},
					"position": {
						"0.0": [0, 0, 0],
						"0.125": [0, 0, -1]
					}
				},
				"left_leg": {
					"rotation": {
						"0.0": [0, 0, 0],
						"0.125": [-5, -32.5, 0]
					}
				}
			}
		}
	}
}