{
	"format_version": "1.8.0",
	"animations": {
		"walk": {
			"loop": true,
			"animation_length": 1,
			"bones": {
				"arm": {
					"rotation": {
						"0.0": [0, 0, -12.5],
						"0.5": [0, 0, 15],
						"1.0": [0, 0, -12.5]
					}
				},
				"block": {
					"rotation": {
						"0.0": [0, 0, 12.5],
						"0.5": [0, 0, -15],
						"1.0": [0, 0, 12.5]
					}
				},
				"leg": {
					"rotation": {
						"0.0": [42.5, 0, 0],
						"0.5": [-52.5, 0, 0],
						"1.0": [42.5, 0, 0]
					}
				},
				"leg2": {
					"rotation": {
						"0.0": [-52.5, 0, 0],
						"0.5": [45, 0, 0],
						"1.0": [-52.5, 0, 0]
					}
				},
				"arm2": {
					"rotation": {
						"0.0": [0, 0, 0],
						"0.5": [25, 0, 0],
						"1.0": [0, 0, 0]
					}
				}
			}
		},
		"idle": {
			"loop": true,
			"animation_length": 1,
			"bones": {
				"arm": {
					"rotation": {
						"0.0": [0, 0, 0],
						"0.5": [12.5, 0, 0],
						"1.0": [0, 0, 0]
					}
				},
				"block": {
					"rotation": {
						"0.0": [0, 0, 0],
						"0.5": [-10, 0, 0],
						"1.0": [0, 0, 0]
					}
				}
			}
		},
		"attack": {
			"animation_length": 0.75,
			"bones": {
				"all": {
					"position": {
						"0.0": [0, 0, 0],
						"0.3333": [0, 0, -8],
						"0.75": [0, 0, 0]
					}
				},
				"arm": {
					"rotation": {
						"0.0": [0, 0, 0],
						"0.125": [-42.5, 0, 0],
						"0.3333": [52.5, 0, 0],
						"0.75": [0, 0, 0]
					}
				},
				"block": {
					"rotation": {
						"0.0": [0, 0, 0],
						"0.125": [32.89913, -12.67956, 18.74227],
						"0.3333": [-104.60087, -12.67956, 18.74227],
						"0.75": [0, 0, 0]
					}
				},
				"body": {
					"rotation": {
						"0.0": [0, 0, 0],
						"0.3333": [27.5, 0, 0],
						"0.75": [0, 0, 0]
					},
					"position": {
						"0.0": [0, 0, 0],
						"0.3333": [0, 1, 10],
						"0.75": [0, 0, 0]
					}
				},
				"leg": {
					"rotation": {
						"0.0": [0, 0, 0],
						"0.3333": [-25, 0, 0],
						"0.75": [0, 0, 0]
					}
				},
				"leg2": {
					"rotation": {
						"0.0": [0, 0, 0],
						"0.3333": [-25, 0, 0],
						"0.75": [0, 0, 0]
					},
					"position": {
						"0.0": [0, 0, 0],
						"0.3333": [0, -1, 0],
						"0.75": [0, 0, 0]
					}
				},
				"arm2": {
					"rotation": {
						"0.0": [0, 0, 0],
						"0.3333": [-87.5, 0, 0],
						"0.75": [0, 0, 0]
					}
				}
			}
		},
		"death": {
			"loop": "hold_on_last_frame",
			"animation_length": 0.25,
			"bones": {
				"all": {
					"rotation": {
						"0.0": [0, 0, 0],
						"0.25": [90, 0, 0]
					},
					"position": {
						"0.0": [0, 0, 0],
						"0.25": [0, 5, 11]
					}
				},
				"arm": {
					"rotation": {
						"0.0": [0, 0, 0],
						"0.25": [-2.30991, -0.95645, -22.48072]
					}
				},
				"block": {
					"rotation": {
						"0.0": [0, 0, 0],
						"0.25": [9.07947, 4.20854, -24.66569]
					}
				},
				"leg": {
					"rotation": {
						"0.0": [0, 0, 0],
						"0.25": [-40.89339, -20.70481, -22.20765]
					}
				},
				"leg2": {
					"rotation": {
						"0.0": [0, 0, 0],
						"0.25": [-43.64293, 12.27659, 12.56853]
					}
				},
				"arm2": {
					"rotation": {
						"0.0": [0, 0, 0],
						"0.25": [37.81123, -16.66577, 31.23252]
					}
				}
			}
		}
	}
}