{
	"format_version": "1.8.0",
	"animations": {
		"walk": {
			"loop": true,
			"animation_length": 1,
			"bones": {
				"head": {
					"rotation": {
						"0.0": {
							"vector": [10, 0, 0]
						},
						"0.5": {
							"vector": [-2.5, 0, 0]
						},
						"1.0": {
							"vector": [10, 0, 0]
						}
					},
					"position": {
						"0.0": {
							"vector": [0, 0, 0]
						},
						"0.5": {
							"vector": [0, -1, 0]
						},
						"1.0": {
							"vector": [0, 0, 0]
						}
					}
				},
				"arm": {
					"rotation": {
						"0.0": {
							"vector": [35, 0, 0]
						},
						"0.5": {
							"vector": [34.0724, 8.53726, -12.37961]
						},
						"1.0": {
							"vector": [35, 0, 0]
						}
					}
				},
				"arm2": {
					"rotation": {
						"0.0": {
							"vector": [-28.30005, -26.94622, 13.71217]
						},
						"0.5": {
							"vector": [-20.32526, -23.83609, 24.23737]
						},
						"1.0": {
							"vector": [-28.30005, -26.94622, 13.71217]
						}
					}
				},
				"leg": {
					"rotation": {
						"0.0": {
							"vector": [-32.5, 0, 0]
						},
						"0.5": {
							"vector": [32.5, 0, 0]
						},
						"1.0": {
							"vector": [-32.5, 0, 0]
						}
					}
				},
				"tail": {
					"rotation": {
						"0.0": {
							"vector": [25, 0, 0]
						},
						"0.5": {
							"vector": [-10, 0, 0]
						},
						"1.0": {
							"vector": [25, 0, 0]
						}
					}
				},
				"leg2": {
					"rotation": {
						"0.0": {
							"vector": [32.5, 0, 0]
						},
						"0.5": {
							"vector": [-32.5, 0, 0]
						},
						"1.0": {
							"vector": [32.5, 0, 0]
						}
					}
				},
				"foice": {
					"rotation": {
						"0.0": {
							"vector": [236.21227, -18.42031, -172.07055]
						},
						"0.5": {
							"vector": [236.9082, -14.14716, -165.64721]
						},
						"1.0": {
							"vector": [236.21227, -18.42031, -172.07055]
						}
					}
				},
				"cumbuca": {
					"rotation": {
						"0.0": {
							"vector": [-71.76499, -43.23401, -30.03237]
						},
						"1.0": {
							"vector": [-71.76499, -43.23401, -30.03237]
						}
					}
				}
			}
		},
		"idle": {
			"loop": true,
			"animation_length": 1,
			"bones": {
				"head": {
					"rotation": {
						"0.0": {
							"vector": [10, 0, 0]
						},
						"0.5": {
							"vector": [5, 0, 0]
						},
						"1.0": {
							"vector": [10, 0, 0]
						}
					}
				},
				"arm": {
					"rotation": {
						"0.0": {
							"vector": [0, 0, -15]
						},
						"0.5": {
							"vector": [0, 0, -22.5]
						},
						"1.0": {
							"vector": [0, 0, -15]
						}
					}
				},
				"arm2": {
					"rotation": {
						"0.0": {
							"vector": [-46.81472, -9.18229, -8.51814]
						},
						"0.5": {
							"vector": [-71.49274, -13.92846, -10.12404]
						},
						"1.0": {
							"vector": [-46.81472, -9.18229, -8.51814]
						}
					}
				},
				"leg": {
					"rotation": {
						"0.0": {
							"vector": [0, -25, 0]
						},
						"1.0": {
							"vector": [0, -25, 0]
						}
					},
					"position": {
						"0.0": {
							"vector": [2, 0, 0]
						},
						"1.0": {
							"vector": [2, 0, 0]
						}
					}
				},
				"tail": {
					"rotation": {
						"0.0": {
							"vector": [-15, 0, 0]
						},
						"0.5": {
							"vector": [15, 0, 0]
						},
						"1.0": {
							"vector": [-15, 0, 0]
						}
					}
				},
				"leg2": {
					"rotation": {
						"0.0": {
							"vector": [0, 25, 0]
						},
						"1.0": {
							"vector": [0, 25, 0]
						}
					},
					"position": {
						"0.0": {
							"vector": [-2, 0, 0]
						},
						"1.0": {
							"vector": [-2, 0, 0]
						}
					}
				},
				"foice": {
					"rotation": {
						"0.0": {
							"vector": [15, 0, 0]
						},
						"0.5": {
							"vector": [12.73415, -7.99365, 31.60659]
						},
						"1.0": {
							"vector": [15, 0, 0]
						}
					}
				},
				"cumbuca": {
					"rotation": {
						"0.0": {
							"vector": [-2.99301, -35.49178, -68.32587]
						},
						"1.0": {
							"vector": [-2.99301, -35.49178, -68.32587]
						}
					}
				}
			}
		},
		"run": {
			"loop": true,
			"animation_length": 0.5,
			"bones": {
				"head": {
					"rotation": {
						"0.0": {
							"vector": [-90, 0, 0]
						},
						"0.5": {
							"vector": [-90, 0, 0]
						}
					},
					"position": {
						"0.0": {
							"vector": [0, 10, 5]
						},
						"0.25": {
							"vector": [0, 10, 7]
						},
						"0.5": {
							"vector": [0, 10, 5]
						}
					}
				},
				"all": {
					"rotation": {
						"0.0": {
							"vector": [90, 0, 0]
						},
						"0.5": {
							"vector": [90, 0, 0]
						}
					},
					"position": {
						"0.0": {
							"vector": [0, 15, 19]
						},
						"0.5": {
							"vector": [0, 15, 19]
						}
					}
				},
				"arm": {
					"rotation": {
						"0.0": {
							"vector": [-62.5, 0, 0]
						},
						"0.25": {
							"vector": [-145, 0, 0]
						},
						"0.5": {
							"vector": [-62.5, 0, 0]
						}
					},
					"position": {
						"0.0": {
							"vector": [0, 0, 5]
						},
						"0.5": {
							"vector": [0, 0, 5]
						}
					}
				},
				"arm2": {
					"rotation": {
						"0.0": {
							"vector": [-132.5, 0, 0]
						},
						"0.25": {
							"vector": [-67.5, 0, 0]
						},
						"0.5": {
							"vector": [-132.5, 0, 0]
						}
					},
					"position": {
						"0.0": {
							"vector": [0, 0, 5]
						},
						"0.5": {
							"vector": [0, 0, 5]
						}
					}
				},
				"leg": {
					"rotation": {
						"0.0": {
							"vector": [-107.5, 0, 0]
						},
						"0.25": {
							"vector": [-37.5, 0, 0]
						},
						"0.5": {
							"vector": [-107.5, 0, 0]
						}
					}
				},
				"tail": {
					"rotation": {
						"0.0": {
							"vector": [-65, 0, 0]
						},
						"0.25": {
							"vector": [-10, 0, 0]
						},
						"0.5": {
							"vector": [-65, 0, 0]
						}
					},
					"position": {
						"0.0": {
							"vector": [0, -2, -1]
						},
						"0.5": {
							"vector": [0, -2, -1]
						}
					}
				},
				"leg2": {
					"rotation": {
						"0.0": {
							"vector": [-35, 0, 0]
						},
						"0.25": {
							"vector": [-125, 0, 0]
						},
						"0.5": {
							"vector": [-35, 0, 0]
						}
					}
				},
				"foice": {
					"rotation": {
						"0.0": {
							"vector": [-25, 0, 0]
						},
						"0.25": {
							"vector": [45, 0, 0]
						},
						"0.5": {
							"vector": [-25, 0, 0]
						}
					}
				},
				"cumbuca": {
					"scale": {
						"0.0": {
							"vector": [0, 0, 0]
						},
						"0.5": {
							"vector": [0, 0, 0]
						}
					}
				}
			}
		},
		"attack": {
			"animation_length": 0.625,
			"bones": {
				"head": {
					"rotation": {
						"0.0": {
							"vector": [0, 0, 0]
						},
						"0.375": {
							"vector": [23.34288, 30.32448, 12.2921]
						},
						"0.625": {
							"vector": [0, 0, 0]
						}
					},
					"position": {
						"0.0": {
							"vector": [0, 0, 0]
						},
						"0.1667": {
							"vector": [0, 0, 0]
						},
						"0.2917": {
							"vector": [0, 0, 4]
						},
						"0.375": {
							"vector": [0, 0, 0]
						},
						"0.625": {
							"vector": [0, 0, 0]
						}
					}
				},
				"arm": {
					"rotation": {
						"0.0": {
							"vector": [0, 0, 0]
						},
						"0.1667": {
							"vector": [-185, -45, 0]
						},
						"0.375": {
							"vector": [-83.7687, 71.13134, -51.61072]
						},
						"0.625": {
							"vector": [0, 0, 0]
						}
					},
					"position": {
						"0.0": {
							"vector": [0, 0, 0]
						},
						"0.1667": {
							"vector": [3, 2, 0]
						},
						"0.2917": {
							"vector": [3, -1.6, -6.2]
						},
						"0.375": {
							"vector": [3, -4, -2]
						},
						"0.625": {
							"vector": [0, 0, 0]
						}
					}
				},
				"arm2": {
					"rotation": {
						"0.0": {
							"vector": [0, 0, 0]
						},
						"0.1667": {
							"vector": [0, 0, 20]
						},
						"0.375": {
							"vector": [14.78217, -2.57594, 20.57489]
						},
						"0.625": {
							"vector": [0, 0, 0]
						}
					}
				},