{
	"format_version": "1.8.0",
	"animations": {
		"pwalk": {
			"loop": true,
			"animation_length": 1,
			"bones": {
				"right_arm": {
					"rotation": {
						"0.0": [-150, 0, 0],
						"0.5": [-150.37835, -4.98093, 8.6822],
						"1.0": [-150, 0, 0]
					},
					"position": {
						"0.0": [0, -6, -3],
						"0.5": [0, -4, -3],
						"1.0": [0, -6, -3]
					}
				},
				"left_arm": {
					"rotation": {
						"0.0": [-150, 0, 0],
						"0.5": [-150.37835, 4.98093, -8.6822],
						"1.0": [-150, 0, 0]
					},
					"position": {
						"0.0": [0, -6, -3],
						"0.5": [0, -4, -3],
						"1.0": [0, -6, -3]
					}
				},
				"right_leg": {
					"rotation": {
						"0.0": [-45, 0, 0],
						"0.5": [45, 0, 0],
						"1.0": [-45, 0, 0]
					}
				},
				"left_leg": {
					"rotation": {
						"0.0": [45, 0, 0],
						"0.5": [-45, 0, 0],
						"1.0": [45, 0, 0]
					}
				}
			}
		},
		"pidle": {
			"loop": true,
			"animation_length": 1,
			"bones": {
				"right_arm": {
					"rotation": {
						"0.0": [-150.37835, -4.98093, 8.6822],
						"1.0": [-150.37835, -4.98093, 8.6822]
					},
					"position": {
						"0.0": [0, -4, -3],
						"0.5": [0, -6, -3],
						"1.0": [0, -4, -3]
					}
				},
				"left_arm": {
					"rotation": {
						"0.0": [-150.37835, 4.98093, -8.6822],
						"1.0": [-150.37835, 4.98093, -8.6822]
					},
					"position": {
						"0.0": [0, -4, -3],
						"0.5": [0, -6, -3],
						"1.0": [0, -4, -3]
					}
				}
			}
		},
		"pattack": {
			"animation_length": 0.5,
			"bones": {
				"head": {
					"rotation": {
						"0.0": [0, 0, 0],
						"0.2083": [15, -40, 0],
						"0.3333": [15, -40, 0],
						"0.5": [0, 0, 0]
					}
				},
				"right_arm": {
					"rotation": {
						"0.0": [-150.37835, -4.98093, 8.6822],
						"0.25": [-137.87835, -4.98093, 8.6822],
						"0.5": [-150.37835, -4.98093, 8.6822]
					},
					"position": {
						"0.0": [0, -4, -3],
						"0.5": [0, -4, -3]
					}
				},
				"left_arm": {
					"rotation": {
						"0.0": [-150.37835, 4.98093, -8.6822],
						"0.2083": [119.62165, 4.98093, -8.6822],
						"0.3333": [-135.00362, 31.71863, -0.6804],
						"0.5": [-150.37835, 4.98093, -8.6822]
					},
					"position": {
						"0.0": [0, -4, -3],
						"0.2083": [0, 0, 1],
						"0.3333": [0, -4, -3],
						"0.5": [0, -4, -3]
					}
				}
			}
		},
		"walk": {
			"loop": true,
			"animation_length": 1,
			"bones": {
				"leftear": {
					"rotation": {
						"0.0": {
							"vector": [0, 0, 0]
						},
						"0.5": {
							"vector": [0, 0, 12.5]
						},
						"1.0": {
							"vector": [0, 0, 0]
						}
					}
				},
				"rightear": {
					"rotation": {
						"0.0": {
							"vector": [0, 0, 0]
						},
						"0.5": {
							"vector": [0, 0, -12.5]
						},
						"1.0": {
							"vector": [0, 0, 0]
						}
					}
				},
				"rightarm": {
					"rotation": {
						"0.0": {
							"vector": [337.5, 0, -180]
						},
						"0.5": {
							"vector": [330, 0, -175]
						},
						"1.0": {
							"vector": [337.5, 0, -180]
						}
					},
					"position": {
						"0.0": {
							"vector": [0, -8, -3]
						},
						"1.0": {
							"vector": [0, -8, -3]
						}
					}
				},
				"leftarm": {
					"rotation": {
						"0.0": {
							"vector": [337.5, 0, -180]
						},
						"0.5": {
							"vector": [330, 0, -185]
						},
						"1.0": {
							"vector": [337.5, 0, -180]
						}
					},
					"position": {
						"0.0": {
							"vector": [0, -8, -3]
						},
						"1.0": {
							"vector": [0, -8, -3]
						}
					}
				},
				"rightleg": {
					"rotation": {
						"0.0": {
							"vector": [-27.5, 0, 0]
						},
						"0.5": {
							"vector": [30, 0, 0]
						},
						"1.0": {
							"vector": [-27.5, 0, 0]
						}
					}
				},
				"leftleg": {
					"rotation": {
						"0.0": {
							"vector": [25, 0, 0]
						},
						"0.5": {
							"vector": [-27.5, 0, 0]
						},
						"1.0": {
							"vector": [25, 0, 0]
						}
					}
				}
			}
		},
		"idle": {
			"loop": true,
			"animation_length": 1,
			"bones": {
				"leftear": {
					"rotation": {
						"0.0": {
							"vector": [0, 0, 0]
						},
						"0.5": {
							"vector": [0, 0, 12.5]
						},
						"1.0": {
							"vector": [0, 0, 0]
						}
					}
				},
				"rightear": {
					"rotation": {
						"0.0": {
							"vector": [0, 0, 0]
						},
						"0.5": {
							"vector": [0, 0, -12.5]
						},
						"1.0": {
							"vector": [0, 0, 0]
						}
					}
				},
				"rightarm": {
					"rotation": {
						"0.0": {
							"vector": [337.5, 0, -180]
						},
						"0.5": {
							"vector": [337.5, 0, -175]
						},
						"1.0": {
							"vector": [337.5, 0, -180]
						}
					},
					"position": {
						"0.0": {
							"vector": [0, -8, -3]
						},
						"1.0": {
							"vector": [0, -8, -3]
						}
					}
				},
				"leftarm": {
					"rotation": {
						"0.0": {
							"vector": [337.5, 0, -180]
						},
						"0.5": {
							"vector": [337.5, 0, -185]
						},
						"1.0": {
							"vector": [337.5, 0, -180]
						}
					},
					"position": {
						"0.0": {
							"vector": [0, -8, -3]
						},
						"1.0": {
							"vector": [0, -8, -3]
						}
					}
				},
				"rightleg": {
					"rotation": {
						"0.0": {
							"vector": [0, 32.5, 0]
						},
						"1.0": {
							"vector": [0, 32.5, 0]
						}
					},
					"position": {
						"0.0": {
							"vector": [0, 0, 0]
						},
						"0.5": {
							"vector": [-1, 0, 0]
						},
						"1.0": {
							"vector": [0, 0, 0]
						}
					}
				},
				"leftleg": {
					"rotation": {
						"0.0": {
							"vector": [0, -32.5, 0]
						},
						"1.0": {
							"vector": [0, -32.5, 0]
						}
					},
					"position": {
						"0.0": {
							"vector": [0, 0, 0]
						},
						"0.5": {
							"vector": [1, 0, 0]
						},
						"1.0": {
							"vector": [0, 0, 0]
						}
					}
				}
			}
		},
		"death": {
			"loop": "hold_on_last_frame",
			"animation_length": 0.5,
			"bones": {
				"body": {
					"rotation": {
						"0.0": {
							"vector": [0, 0, 0]
						},
						"0.25": {
							"vector": [-90, 0, 0]
						}
					},
					"position": {
						"0.0": {
							"vector": [0, 0, 0]
						},
						"0.25": {
							"vector": [0, -22, 6]
						}
					}
				},
				"head": {
					"rotation": {
						"0.0": {
							"vector": [0, 0, 0]
						},
						"0.25": {
							"vector": [-32.5, 10, 0]
						}
					},
					"position": {
						"0.0": {
							"vector": [0, 0, 0]
						},
						"0.25": {
							"vector": [0, 0, -2]
						}
					}
				},
				"leftear": {
					"rotation": {
						"0.0": {
							"vector": [0, 0, 0]
						},
						"0.25": {
							"vector": [-26.62136, 16.83917, -55.9371]
						},
						"0.375": {
							"vector": [128.81924, 30.12574, 101.96766]
						}
					}
				},
				"rightear": {
					"rotation": {
						"0.0": {
							"vector": [0, 0, 0]
						},
						"0.25": {
							"vector": [-19.74834, -15.63824, 43.45844]
						},
						"0.375": {
							"vector": [145.4091, -77.64413, -103.11998]
						}
					}
				},
				"rightarm": {
					"rotation": {
						"0.0": {
							"vector": [337.5, 0, -180]
						},
						"0.25": {
							"vector": [360, -90, -202.5]
						}
					},
					"position": {
						"0.0": {
							"vector": [0, -8, -3]
						},
						"0.25": {
							"vector": [-1, -8, 1]
						}
					}
				},
				"leftarm": {
					"rotation": {
						"0.0": {
							"vector": [337.5, 0, -180]
						},
						"0.25": {
							"vector": [360, 90, -157.5]
						}
					},
					"position": {
						"0.0": {
							"vector": [0, -8, -3]
						},
						"0.25": {
							"vector": [2, -8, 1]
						}
					}
				},
				"rightleg": {
					"rotation": {
						"0.0": {
							"vector": [0, 32.5, 0]
						},
						"0.25": {
							"vector": [-5.92236, 32.36121, 6.82195]
						}
					},
					"position": {
						"vector": [0, 0, 0]
					}
				},
				"leftleg": {
					"rotation": {
						"0.0": {
							"vector": [0, -32.5, 0]
						},
						"0.25": {
							"vector": [-5.92236, -32.36121, -6.82195]
						}
					},